<?xml version="1.0" encoding="UTF-8"?>
<project-private xmlns="http://www.netbeans.org/ns/project-private/1">
    <editor-bookmarks xmlns="http://www.netbeans.org/ns/editor-bookmarks/2" lastBookmarkId="0"/>
    <open-files xmlns="http://www.netbeans.org/ns/projectui-open-files/2">
        <group>
            <file>file:/D:/2º%20DAM/Programación%20Servicios%20y%20Procesos/Unidad%204/Drive/src/pruebas/EjercicioB.java</file>
            <file>file:/D:/2º%20DAM/Programación%20Servicios%20y%20Procesos/Unidad%204/Drive/src/GestorFTP.java</file>
            <file>file:/D:/2º%20DAM/Programación%20Servicios%20y%20Procesos/Unidad%204/Drive/src/pruebas/EjercicioA.java</file>
            <file>file:/D:/2º%20DAM/Programación%20Servicios%20y%20Procesos/Unidad%204/Drive/src/drive/Drive.java</file>
        </group>
    </open-files>
</project-private>
